County,MAE,MSE,RMSE,R2
Tehama,15.454530727798009,376.8892808981287,19.41363646765151,-0.2757066529771588
Lassen,5.359999999999999,28.729599999999994,5.359999999999999,
